"Projeto","CommitsPorDesenvolvedor","VariabilidadesPorDesenvolvedor","DesenvolvedoresPorVariabilidade"
"Apache",0.730416106065703,0.759966643970286,0.358693391637717
"Marlin",0.86422430458894,0.83235079731293,0.394524787081379
